<?xml version="1.0" encoding="UTF-8"?>
<Module name="top" Register="82" Alu="69" Lut="28" T_Register="4071(82)" T_Alu="261(69)" T_Lut="7161(28)" T_MULTALU27X18="1(0)" T_Bsram="3(0)">
    <SubModule name="Inst_SerDes_Top" Register="220" Lut="162" T_Register="904(220)" T_Alu="7(0)" T_Lut="1680(162)">
        <SubModule name="Inst_usb3_0_phy_top" T_Register="684(0)" T_Alu="7(0)" T_Lut="1518(0)">
            <SubModule name="Inst_usb3_0_phy" Register="90" Lut="85" T_Register="684(90)" T_Alu="7(0)" T_Lut="1518(85)">
                <SubModule name="Inst_usb_pipe_interface" Register="156" Alu="7" Lut="252" T_Register="156(156)" T_Alu="7(7)" T_Lut="252(252)"/>
                <SubModule name="Inst_upar_csr" Register="46" Lut="72" T_Register="46(46)" T_Lut="72(72)"/>
                <SubModule name="Inst_x4_decoder_8b10b" T_Register="42(0)" T_Lut="299(0)">
                    <SubModule name="dec3" Register="10" Lut="77" T_Register="10(10)" T_Lut="77(77)"/>
                    <SubModule name="dec2" Register="10" Lut="71" T_Register="10(10)" T_Lut="71(71)"/>
                    <SubModule name="dec1" Register="11" Lut="62" T_Register="11(11)" T_Lut="62(62)"/>
                    <SubModule name="dec0" Register="11" Lut="89" T_Register="11(11)" T_Lut="89(89)"/>
                </SubModule>
                <SubModule name="Inst_x4_encoder_8b10b" T_Register="41(0)" T_Lut="161(0)">
                    <SubModule name="enc3" Register="11" Lut="57" T_Register="11(11)" T_Lut="57(57)"/>
                    <SubModule name="enc2" Register="10" Lut="35" T_Register="10(10)" T_Lut="35(35)"/>
                    <SubModule name="enc1" Register="10" Lut="33" T_Register="10(10)" T_Lut="33(33)"/>
                    <SubModule name="enc0" Register="10" Lut="36" T_Register="10(10)" T_Lut="36(36)"/>
                </SubModule>
                <SubModule name="Inst_usb3_lfps_detector" Register="110" Lut="176" T_Register="110(110)" T_Lut="176(176)"/>
                <SubModule name="Inst_word_alignment" Register="199" Lut="473" T_Register="199(199)" T_Lut="473(473)"/>
            </SubModule>
        </SubModule>
    </SubModule>
    <SubModule name="usb30_device_controller_top_inst" Register="1" T_Register="2910(1)" T_Alu="157(0)" T_Lut="5177(0)" T_MULTALU27X18="1(0)" T_Bsram="3(0)">
        <SubModule name="iu3p" Register="257" Alu="20" Lut="586" T_Register="845(257)" T_Alu="44(20)" T_Lut="1355(586)">
            <SubModule name="iu3rds" Register="326" Alu="3" Lut="502" T_Register="374(326)" T_Alu="3(3)" T_Lut="558(502)">
                <SubModule name="iu3srx" Register="48" Lut="56" T_Register="48(48)" T_Lut="56(56)"/>
            </SubModule>
            <SubModule name="iu3ss" Register="198" Alu="21" Lut="155" T_Register="214(198)" T_Alu="21(21)" T_Lut="211(155)">
                <SubModule name="iu3srx" Register="16" Lut="56" T_Register="16(16)" T_Lut="56(56)"/>
            </SubModule>
        </SubModule>
        <SubModule name="iu3lt" Register="197" Alu="50" Lut="829" T_Register="197(197)" T_Alu="50(50)" T_Lut="829(829)"/>
        <SubModule name="iu3l" Register="1120" Alu="45" Lut="1784" MULTALU27X18="1" T_Register="1348(1120)" T_Alu="53(45)" T_Lut="2459(1784)" T_MULTALU27X18="1(1)">
            <SubModule name="usb3_TXLgood_cache" Register="34" Alu="2" Lut="27" T_Register="34(34)" T_Alu="2(2)" T_Lut="27(27)"/>
            <SubModule name="usb3_TXLcrd_cache" Register="34" Alu="2" Lut="27" T_Register="34(34)" T_Alu="2(2)" T_Lut="27(27)"/>
            <SubModule name="usb3_TXLup_cache" Register="16" Alu="2" Lut="19" T_Register="16(16)" T_Alu="2(2)" T_Lut="19(19)"/>
            <SubModule name="usb3_TXLau_cache" Register="16" Alu="2" Lut="19" T_Register="16(16)" T_Alu="2(2)" T_Lut="19(19)"/>
            <SubModule name="iu3chptx" Register="16" Lut="89" T_Register="16(16)" T_Lut="89(89)"/>
            <SubModule name="iu3cdptx32" Register="32" Lut="201" T_Register="32(32)" T_Lut="201(201)"/>
            <SubModule name="iu3chprx" Register="16" Lut="103" T_Register="16(16)" T_Lut="103(103)"/>
            <SubModule name="iu3cdprx32" Register="64" Lut="190" T_Register="64(64)" T_Lut="190(190)"/>
        </SubModule>
        <SubModule name="iu3r" Register="146" Alu="10" Lut="238" T_Register="519(146)" T_Alu="10(10)" T_Lut="534(238)" T_Bsram="3(0)">
            <SubModule name="iu3ep0" Register="126" Lut="70" T_Register="281(126)" T_Lut="179(70)" T_Bsram="1(0)">
                <SubModule name="iu3ep0i" Register="81" Lut="31" T_Register="81(81)" T_Lut="31(31)"/>
                <SubModule name="usb3_ep0_OUT" Register="28" Lut="25" T_Register="28(28)" T_Lut="25(25)"/>
                <SubModule name="usb3_ep0_IN" Register="46" Lut="53" Bsram="1" T_Register="46(46)" T_Lut="53(53)" T_Bsram="1(1)"/>
            </SubModule>
            <SubModule name="usb3_ep1_IN" Register="46" Lut="53" Bsram="1" T_Register="46(46)" T_Lut="53(53)" T_Bsram="1(1)"/>
            <SubModule name="usb3_ep1_OUT" Register="46" Lut="64" Bsram="1" T_Register="46(46)" T_Lut="64(64)" T_Bsram="1(1)"/>
        </SubModule>
    </SubModule>
    <SubModule name="UserLayer_top_inst" T_Register="175(0)" T_Alu="28(0)" T_Lut="276(0)">
        <SubModule name="ControlTransfer_inst" Register="135" Alu="28" Lut="243" T_Register="135(135)" T_Alu="28(28)" T_Lut="243(243)"/>
        <SubModule name="Ep1Loopback" Register="40" Lut="33" T_Register="40(40)" T_Lut="33(33)"/>
    </SubModule>
</Module>
