{
 "Device" : "GW5AST-138B",
 "Files" : [
  {
   "Path" : "C:/Users/haogang/Desktop/usb30_uvc/prj/src/cam_fifo/cam_fifo.v",
   "Type" : "verilog"
  },
  {
   "Path" : "C:/Users/haogang/Desktop/usb30_uvc/prj/src/ddr3_memory_interface/ddr3_memory_interface.v",
   "Type" : "verilog"
  },
  {
   "Path" : "C:/Users/haogang/Desktop/usb30_uvc/prj/src/ddr_rd_fifo/ddr_rd_fifo.v",
   "Type" : "verilog"
  },
  {
   "Path" : "C:/Users/haogang/Desktop/usb30_uvc/prj/src/ddr_wr_fifo/ddr_wr_fifo.v",
   "Type" : "verilog"
  },
  {
   "Path" : "C:/Users/haogang/Desktop/usb30_uvc/prj/src/gowin_pll/gowin_pll.v",
   "Type" : "verilog"
  },
  {
   "Path" : "C:/Users/haogang/Desktop/usb30_uvc/prj/src/payload_fifo/payload_fifo.v",
   "Type" : "verilog"
  },
  {
   "Path" : "C:/Users/haogang/Desktop/usb30_uvc/prj/src/top.v",
   "Type" : "verilog"
  },
  {
   "Path" : "C:/Users/haogang/Desktop/usb30_uvc/prj/src/usb30_device_controller/USB30_Device_Controller_Top.v",
   "Type" : "verilog"
  },
  {
   "Path" : "C:/Users/haogang/Desktop/usb30_uvc/prj/src/usb30_device_controller/usb30_device_controller.v",
   "Type" : "verilog"
  },
  {
   "Path" : "C:/Users/haogang/Desktop/usb30_uvc/prj/src/usb30_device_controller/usb3_TxHp.v",
   "Type" : "verilog"
  },
  {
   "Path" : "C:/Users/haogang/Desktop/usb30_uvc/prj/src/usb30_device_controller/usb3_TxLcmd.v",
   "Type" : "verilog"
  },
  {
   "Path" : "C:/Users/haogang/Desktop/usb30_uvc/prj/src/usb30_device_controller/usb3_const.vh",
   "Type" : "verilog"
  },
  {
   "Path" : "C:/Users/haogang/Desktop/usb30_uvc/prj/src/usb30_device_controller/usb3_crc.v",
   "Type" : "verilog"
  },
  {
   "Path" : "C:/Users/haogang/Desktop/usb30_uvc/prj/src/usb30_device_controller/usb3_descramble.v",
   "Type" : "verilog"
  },
  {
   "Path" : "C:/Users/haogang/Desktop/usb30_uvc/prj/src/usb30_device_controller/usb3_ep.v",
   "Type" : "verilog"
  },
  {
   "Path" : "C:/Users/haogang/Desktop/usb30_uvc/prj/src/usb30_device_controller/usb3_ep0.v",
   "Type" : "verilog"
  },
  {
   "Path" : "C:/Users/haogang/Desktop/usb30_uvc/prj/src/usb30_device_controller/usb3_ep0in_ram.v",
   "Type" : "verilog"
  },
  {
   "Path" : "C:/Users/haogang/Desktop/usb30_uvc/prj/src/usb30_device_controller/usb3_lfsr.v",
   "Type" : "verilog"
  },
  {
   "Path" : "C:/Users/haogang/Desktop/usb30_uvc/prj/src/usb30_device_controller/usb3_link.v",
   "Type" : "verilog"
  },
  {
   "Path" : "C:/Users/haogang/Desktop/usb30_uvc/prj/src/usb30_device_controller/usb3_ltssm_device.v",
   "Type" : "verilog"
  },
  {
   "Path" : "C:/Users/haogang/Desktop/usb30_uvc/prj/src/usb30_device_controller/usb3_macro_define.v",
   "Type" : "verilog"
  },
  {
   "Path" : "C:/Users/haogang/Desktop/usb30_uvc/prj/src/usb30_device_controller/usb3_pipe.v",
   "Type" : "verilog"
  },
  {
   "Path" : "C:/Users/haogang/Desktop/usb30_uvc/prj/src/usb30_device_controller/usb3_protocol.v",
   "Type" : "verilog"
  },
  {
   "Path" : "C:/Users/haogang/Desktop/usb30_uvc/prj/src/usb30_device_controller/usb3_scramble.v",
   "Type" : "verilog"
  },
  {
   "Path" : "C:/Users/haogang/Desktop/usb30_uvc/prj/src/usb30_user_layer/ControlTransfer.v",
   "Type" : "verilog"
  },
  {
   "Path" : "C:/Users/haogang/Desktop/usb30_uvc/prj/src/usb30_user_layer/DataTransfer.v",
   "Type" : "verilog"
  },
  {
   "Path" : "C:/Users/haogang/Desktop/usb30_uvc/prj/src/usb30_user_layer/PixelGen.v",
   "Type" : "verilog"
  },
  {
   "Path" : "C:/Users/haogang/Desktop/usb30_uvc/prj/src/usb30_user_layer/UVCDefine.v",
   "Type" : "verilog"
  },
  {
   "Path" : "C:/Users/haogang/Desktop/usb30_uvc/prj/src/usb30_user_layer/UserEndpt_define.v",
   "Type" : "verilog"
  },
  {
   "Path" : "C:/Users/haogang/Desktop/usb30_uvc/prj/src/usb30_user_layer/UserLayer_top.v",
   "Type" : "verilog"
  },
  {
   "Path" : "C:/Users/haogang/Desktop/usb30_uvc/prj/src/usb30_user_layer/ddr3_controller.v",
   "Type" : "verilog"
  },
  {
   "Path" : "C:/Users/haogang/Desktop/usb30_uvc/prj/src/usb30_user_layer/usb_descrip.vh",
   "Type" : "verilog"
  },
  {
   "Path" : "C:/Users/haogang/Desktop/usb30_uvc/prj/src/yuv_data_fifo/yuv_data_fifo.v",
   "Type" : "verilog"
  },
  {
   "Path" : "C:/Users/haogang/Desktop/usb30_uvc/prj/src/serdes/serdes.v",
   "Type" : "verilog"
  },
  {
   "Path" : "C:/Users/haogang/Desktop/usb30_uvc/prj/src/serdes/usb3_0_phy/usb3_0_phy.v",
   "Type" : "verilog"
  },
  {
   "Path" : "C:/Users/haogang/Desktop/usb30_uvc/prj/src/serdes/upar_arbiter/upar_arbiter.v",
   "Type" : "verilog"
  }
 ],
 "IncludePath" : [

 ],
 "LoopLimit" : 2000,
 "ResultFile" : "C:/Users/haogang/Desktop/usb30_uvc/prj/impl/temp/rtl_parser.result",
 "Top" : "top",
 "VerilogStd" : "verilog_2001",
 "VhdlStd" : "vhdl_93"
}